{"learner":{"attributes":{"scikit_learn":"{\"_estimator_type\": \"classifier\"}"},"feature_names":[],"feature_types":[],"gradient_booster":{"model":{"gbtree_model_param":{"num_parallel_tree":"1","num_trees":"6"},"iteration_indptr":[0,3,6],"tree_info":[0,1,2,0,1,2],"trees":[{"base_weights":[1.8404864E-2,1.4219654E0,-7.292308E-1],"categories":[],"categories_nodes":[],"categories_segments":[],"categories_sizes":[],"default_left":[0,0,0],"id":0,"left_children":[1,-1,-1],"loss_changes":[5.8051723E1,0E0,0E0],"parents":[2147483647,0,0],"right_children":[2,-1,-1],"split_conditions":[3.3E0,1.4219654E0,-7.292308E-1],"split_indices":[2,0,0],"split_type":[0,0,0],"sum_hessian":[5.333333E1,1.8222221E1,3.511111E1],"tree_param":{"num_deleted":"0","num_feature":"4","num_nodes":"3","size_leaf_vector":"1"}},{"base_weights":[-7.361968E-2,-7.1098274E-1,2.6769227E-1,1.2484472E0,-6.589596E-1],"categories":[],"categories_nodes":[],"categories_segments":[],"categories_sizes":[],"default_left":[0,0,0,0,0],"id":1,"left_children":[1,-1,3,-1,-1],"loss_changes":[1.2009975E1,0E0,3.3641117E1,0E0,0E0],"parents":[2147483647,0,0,2,2],"right_children":[2,-1,4,-1,-1],"split_conditions":[3.3E0,-7.1098274E-1,1.8E0,1.2484472E0,-6.589596E-1],"split_indices":[2,0,3,0,0],"split_type":[0,0,0,0,0],"sum_hessian":[5.333333E1,1.8222221E1,3.511111E1,1.6888887E1,1.8222221E1],"tree_param":{"num_deleted":"0","num_feature":"4","num_nodes":"5","size_leaf_vector":"1"}},{"base_weights":[5.521468E-2,-6.461539E-1,1.3699422E0,-7.278689E-1,4.137931E-1,4.285714E-1,1.416149E0],"categories":[],"categories_nodes":[],"categories_segments":[],"categories_sizes":[],"default_left":[0,0,0,0,0,0,0],"id":2,"left_children":[1,3,5,-1,-1,-1,-1],"loss_changes":[5.098642E1,3.4288998E0,2.2920227E-1,0E0,0E0,0E0,0E0],"parents":[2147483647,0,0,1,1,2,2],"right_children":[2,4,6,-1,-1,-1,-1],"split_conditions":[1.8E0,5E0,4.9E0,-7.278689E-1,4.137931E-1,4.285714E-1,1.416149E0],"split_indices":[3,2,2,0,0,0,0],"split_type":[0,0,0,0,0,0,0],"sum_hessian":[5.333333E1,3.511111E1,1.8222221E1,3.2888885E1,2.222222E0,1.3333333E0,1.6888887E1],"tree_param":{"num_deleted":"0","num_feature":"4","num_nodes":"7","size_leaf_vector":"1"}},{"base_weights":[-1.2919972E-2,5.722043E-1,-5.2386224E-1],"categories":[],"categories_nodes":[],"categories_segments":[],"categories_sizes":[],"default_left":[0,0,0],"id":3,"left_children":[1,-1,-1],"loss_changes":[8.73713E0,0E0,0E0],"parents":[2147483647,0,0],"right_children":[2,-1,-1],"split_conditions":[3.3E0,5.722043E-1,-5.2386224E-1],"split_indices":[2,0,0],"split_type":[0,0,0],"sum_hessian":[2.7221973E1,1.26339E1,1.4588073E1],"tree_param":{"num_deleted":"0","num_feature":"4","num_nodes":"3","size_leaf_vector":"1"}},{"base_weights":[-4.768977E-2,1.5873773E-1,-4.8754656E-1,-4.848873E-1,5.2746785E-1,-1.6804051E-1,-5.8481133E-1],"categories":[],"categories_nodes":[],"categories_segments":[],"categories_sizes":[],"default_left":[0,0,0,0,0,0,0],"id":4,"left_children":[1,3,5,-1,-1,-1,-1],"loss_changes":[2.7573462E0,5.2021523E0,2.0233345E-1,0E0,0E0,0E0,0E0],"parents":[2147483647,0,0,1,1,2,2],"right_children":[2,4,6,-1,-1,-1,-1],"split_conditions":[5E0,3.3E0,5.2E0,-4.848873E-1,5.2746785E-1,-1.6804051E-1,-5.8481133E-1],"split_indices":[2,2,2,0,0,0,0],"split_type":[0,0,0,0,0,0,0],"sum_hessian":[2.8515385E1,1.984236E1,8.673026E0,7.1124425E0,1.2729917E1,2.6606598E0,6.0123663E0],"tree_param":{"num_deleted":"0","num_feature":"4","num_nodes":"7","size_leaf_vector":"1"}},{"base_weights":[5.954516E-2,-5.164205E-1,5.3729E-1,2.841878E-2,5.90112E-1],"categories":[],"categories_nodes":[],"categories_segments":[],"categories_sizes":[],"default_left":[0,0,0,0,0],"id":5,"left_children":[1,-1,3,-1,-1],"loss_changes":[8.46702E0,0E0,4.3368912E-1,0E0,0E0],"parents":[2147483647,0,0,2,2],"right_children":[2,-1,4,-1,-1],"split_conditions":[4.8E0,-5.164205E-1,4.9E0,2.841878E-2,5.90112E-1],"split_indices":[2,0,2,0,0],"split_type":[0,0,0,0,0],"sum_hessian":[2.8762371E1,1.3003949E1,1.5758421E1,1.6265666E0,1.4131854E1],"tree_param":{"num_deleted":"0","num_feature":"4","num_nodes":"5","size_leaf_vector":"1"}}]},"name":"gbtree"},"learner_model_param":{"base_score":"5E-1","boost_from_average":"1","num_class":"3","num_feature":"4","num_target":"1"},"objective":{"name":"multi:softprob","softmax_multiclass_param":{"num_class":"3"}}},"version":[2,1,2]}